"Data","Zamkniecie","Otwarcie","Max.","Min.","Wol.","Zmiana%"
"18.02.2021","68,63","69,10","69,47","68,43","1,02M","-0,61%"
"19.02.2021","67,50","69,03","69,70","67,50","3,77M","-1,65%"
"22.02.2021","67,00","67,00","68,09","66,81","1,36M","-0,74%"
"23.02.2021","64,65","67,30","67,30","64,24","1,59M","-3,51%"
"24.02.2021","65,00","65,00","66,70","64,50","1,29M","0,54%"
"25.02.2021","64,45","65,01","65,65","64,38","1,03M","-0,85%"
"26.02.2021","64,32","64,10","64,43","61,50","1,62M","-0,20%"
"01.03.2021","63,07","65,00","65,35","62,50","1,35M","-1,94%"
"02.03.2021","66,76","63,95","67,46","63,19","3,12M","5,85%"
"03.03.2021","66,46","67,50","68,20","65,02","2,89M","-0,45%"
"04.03.2021","64,74","67,00","67,38","63,69","3,55M","-2,59%"
"05.03.2021","64,00","63,72","64,35","63,46","2,51M","-1,14%"
"08.03.2021","63,54","64,10","65,00","63,03","1,53M","-0,72%"
"09.03.2021","64,50","63,20","65,30","63,03","1,59M","1,51%"
"10.03.2021","65,00","64,90","66,15","64,31","887,58K","0,78%"
"11.03.2021","64,77","65,50","66,20","64,65","883,47K","-0,35%"
"12.03.2021","64,67","65,50","65,50","64,25","1,07M","-0,15%"
"15.03.2021","63,65","64,60","64,96","63,44","1,22M","-1,58%"
"16.03.2021","63,63","64,00","64,79","63,18","877,02K","-0,03%"
"17.03.2021","59,76","60,00","60,30","58,10","18,03M","-6,08%"
"18.03.2021","59,97","60,00","60,69","58,59","6,26M","0,35%"
"19.03.2021","59,64","59,99","60,04","59,43","7,73M","-0,55%"
"22.03.2021","58,80","60,00","60,10","58,50","16,05M","-1,41%"
"23.03.2021","56,80","58,73","59,16","56,30","4,00M","-3,40%"
"24.03.2021","54,50","56,59","56,59","53,41","4,84M","-4,05%"
"25.03.2021","52,86","54,98","55,50","51,96","4,05M","-3,01%"
"26.03.2021","52,75","53,50","53,70","51,90","2,50M","-0,21%"
"29.03.2021","52,66","53,40","54,40","52,05","3,38M","-0,17%"
"30.03.2021","54,57","53,30","54,72","52,80","2,39M","3,63%"
"31.03.2021","55,57","55,00","55,67","53,64","3,80M","1,83%"
"01.04.2021","56,06","56,45","56,70","55,60","3,01M","0,88%"
"06.04.2021","57,50","57,04","57,60","56,60","1,85M","2,57%"
"07.04.2021","56,56","57,35","57,38","55,80","1,65M","-1,63%"
"08.04.2021","56,17","56,90","56,90","55,81","1,03M","-0,69%"
"09.04.2021","58,50","56,44","59,03","56,01","2,19M","4,15%"
"12.04.2021","57,24","58,30","58,40","56,52","958,94K","-2,15%"
"13.04.2021","57,38","57,54","57,89","56,70","853,51K","0,24%"
"14.04.2021","59,25","57,91","59,25","57,71","1,27M","3,26%"
"15.04.2021","58,34","59,25","59,44","57,80","1,01M","-1,54%"
"16.04.2021","57,16","58,00","58,48","57,16","1,11M","-2,02%"
"19.04.2021","56,22","57,15","58,31","55,78","810,23K","-1,64%"
"20.04.2021","55,00","56,24","56,92","54,16","1,30M","-2,17%"
"21.04.2021","54,37","55,00","55,96","54,22","1,25M","-1,15%"
"22.04.2021","56,20","54,90","56,78","54,65","1,46M","3,37%"
"23.04.2021","56,50","56,20","56,68","55,49","1,35M","0,53%"
"26.04.2021","56,60","56,80","57,18","55,91","927,04K","0,18%"
"27.04.2021","56,52","56,79","57,29","56,01","633,13K","-0,14%"
"28.04.2021","57,50","56,76","57,70","56,15","1,30M","1,73%"
"29.04.2021","57,40","57,99","58,45","57,10","982,92K","-0,17%"
"30.04.2021","58,14","57,50","58,34","55,87","1,34M","1,29%"
"04.05.2021","54,08","57,75","57,83","54,08","1,48M","-6,98%"
"05.05.2021","53,01","54,20","54,87","52,88","1,12M","-1,98%"
"06.05.2021","51,62","53,00","53,63","51,23","2,18M","-2,62%"
"07.05.2021","54,86","51,11","54,98","50,90","1,43M","6,28%"
"10.05.2021","53,17","55,04","55,47","52,50","968,19K","-3,08%"
"11.05.2021","51,80","53,00","53,25","51,74","1,12M","-2,58%"
"12.05.2021","52,34","51,90","52,93","51,85","1,48M","1,04%"
"13.05.2021","51,23","54,40","55,86","51,12","4,04M","-2,12%"
"14.05.2021","52,40","52,00","52,40","49,10","2,25M","2,28%"
"17.05.2021","55,61","53,00","55,98","52,80","2,80M","6,13%"
"18.05.2021","57,00","55,74","58,75","55,71","3,94M","2,50%"
"19.05.2021","57,20","57,50","57,70","56,45","3,57M","0,35%"
"20.05.2021","57,21","57,50","57,70","56,55","1,10M","0,02%"
"21.05.2021","57,46","57,75","57,75","56,67","1,89M","0,44%"
"24.05.2021","56,90","57,46","57,50","56,80","527,24K","-0,97%"
"25.05.2021","58,40","56,94","58,90","56,94","1,02M","2,64%"
"26.05.2021","58,40","58,71","58,74","57,33","609,81K","0,00%"
"27.05.2021","58,28","58,15","58,85","57,51","2,32M","-0,21%"
"28.05.2021","58,50","58,50","58,83","57,60","1,48M","0,38%"
"31.05.2021","57,66","58,70","58,82","57,28","487,81K","-1,44%"
"01.06.2021","59,21","58,90","59,96","57,89","1,18M","2,69%"
"02.06.2021","59,18","59,40","59,74","59,00","886,59K","-0,05%"
"04.06.2021","58,77","59,00","59,26","57,50","964,78K","-0,69%"
"07.06.2021","59,05","58,40","59,44","58,25","893,62K","0,48%"
"08.06.2021","59,25","59,02","61,18","58,27","1,95M","0,34%"
"09.06.2021","59,64","59,50","60,23","58,88","1,52M","0,66%"
"10.06.2021","58,40","60,00","60,20","58,10","1,91M","-2,08%"
"11.06.2021","58,30","58,67","58,86","58,02","610,15K","-0,17%"
"14.06.2021","58,48","58,54","59,17","58,02","182,61K","0,31%"
"15.06.2021","58,78","59,00","60,07","58,56","","0,51%"
"16.06.2021","59,81","57,87","59,95","57,87","","1,75%"
"17.06.2021","59,09","59,80","61,02","58,52","","-1,20%"
"18.06.2021","59,99","59,20","60,48","58,81","","1,52%"
"21.06.2021","59,42","60,02","60,12","58,76","","-0,95%"
"22.06.2021","58,25","59,41","59,53","57,10","","-1,97%"
"23.06.2021","60,26","59,13","60,28","58,55","","3,45%"
"24.06.2021","62,51","60,43","63,08","60,24","","3,73%"
"25.06.2021","64,20","62,59","64,47","62,33","","2,70%"
"28.06.2021","63,88","64,20","64,21","62,30","","-0,50%"
"29.06.2021","65,46","63,80","65,84","63,57","","2,47%"
"30.06.2021","65,64","65,90","67,28","65,15","","0,27%"
"01.07.2021","67,29","65,80","68,33","64,59","","2,51%"
"02.07.2021","67,68","67,25","68,94","66,08","","0,58%"
"05.07.2021","69,06","67,70","69,55","67,64","","2,04%"
"06.07.2021","69,92","69,25","69,92","69,00","","1,25%"
"07.07.2021","73,39","70,06","75,89","70,06","","4,96%"
"08.07.2021","71,82","73,11","74,23","71,39","","-2,14%"
"09.07.2021","71,52","71,83","72,70","70,65","","-0,42%"
"12.07.2021","73,75","71,20","74,83","70,94","","3,12%"
"13.07.2021","72,72","73,93","74,25","72,51","","-1,40%"
"14.07.2021","73,49","72,55","73,49","72,22","","1,06%"
"15.07.2021","72,92","72,25","73,50","72,25","","-0,78%"
"16.07.2021","73,58","73,00","73,87","72,72","","0,91%"
"19.07.2021","72,89","73,90","73,90","72,47","","-0,94%"
"20.07.2021","73,92","72,32","74,34","72,32","","1,41%"
"21.07.2021","73,20","73,78","74,78","73,00","","-0,97%"
"22.07.2021","73,75","72,50","74,00","72,50","","0,75%"
"23.07.2021","73,14","73,50","74,01","72,68","","-0,83%"
"26.07.2021","72,91","72,97","73,77","70,72","","-0,31%"
"27.07.2021","71,36","72,61","72,61","70,35","","-2,13%"
"28.07.2021","68,87","70,57","71,24","68,71","","-3,49%"
"29.07.2021","67,75","68,60","70,17","67,57","","-1,63%"
"30.07.2021","66,10","66,91","67,96","65,72","","-2,44%"
"02.08.2021","66,09","66,25","67,66","65,83","","-0,02%"
"03.08.2021","67,12","66,25","68,88","66,25","","1,56%"
"04.08.2021","66,54","67,00","67,38","66,10","","-0,86%"
"05.08.2021","64,19","66,58","66,65","63,30","","-3,53%"
"06.08.2021","63,86","64,39","64,39","62,50","","-0,51%"
"09.08.2021","64,12","63,50","64,29","63,20","","0,41%"
"10.08.2021","62,88","64,10","64,45","62,88","","-1,93%"
"11.08.2021","62,17","62,95","63,25","61,66","","-1,13%"
"12.08.2021","62,49","62,05","62,88","61,52","","0,51%"
"13.08.2021","63,81","62,60","64,00","62,34","","2,11%"
"16.08.2021","62,02","63,98","63,98","61,87","","-2,81%"
"17.08.2021","63,38","62,25","63,74","62,05","","2,19%"
"18.08.2021","64,19","63,45","64,33","62,97","","1,28%"
"19.08.2021","65,00","64,29","65,23","63,80","","1,26%"
"20.08.2021","65,00","65,17","65,17","64,31","","0,00%"
"23.08.2021","64,97","65,19","65,19","64,53","","-0,05%"
"24.08.2021","65,65","65,39","65,89","64,68","","1,05%"
"25.08.2021","67,45","65,63","67,97","65,34","","2,74%"
"26.08.2021","67,84","67,47","68,98","67,06","","0,58%"
"27.08.2021","67,50","68,25","68,37","66,58","","-0,50%"
"30.08.2021","69,28","67,52","69,42","67,52","","2,64%"
"31.08.2021","71,00","69,54","71,00","69,36","","2,48%"
"01.09.2021","72,65","71,06","72,66","70,73","","2,32%"
"02.09.2021","71,36","72,10","72,82","71,10","","-1,78%"
"03.09.2021","69,25","71,02","71,18","68,81","","-2,96%"
"06.09.2021","70,65","68,96","70,65","68,96","","2,02%"
"07.09.2021","68,39","70,40","70,40","68,20","","-3,20%"
"08.09.2021","66,89","68,25","68,59","66,21","","-2,19%"
"09.09.2021","64,88","66,43","66,56","64,88","","-3,00%"
"10.09.2021","63,46","65,00","65,40","63,46","","-2,19%"
"13.09.2021","63,45","63,66","64,06","62,24","","-0,02%"
"14.09.2021","62,10","63,26","63,26","62,10","","-2,13%"
"15.09.2021","62,60","62,10","63,02","61,82","","0,81%"
"16.09.2021","62,73","62,69","63,23","62,30","","0,21%"
"17.09.2021","64,25","62,95","65,10","62,32","","2,42%"
"20.09.2021","62,37","62,70","63,98","62,04","","-2,93%"
"21.09.2021","62,48","62,44","63,35","62,12","","0,18%"
"22.09.2021","62,01","63,20","63,20","61,84","","-0,75%"
"23.09.2021","61,91","62,48","62,62","61,64","","-0,16%"
"24.09.2021","59,64","61,90","62,16","59,53","","-3,67%"
"27.09.2021","59,84","59,55","60,81","59,50","","0,34%"
"28.09.2021","58,42","59,51","59,79","57,55","","-2,37%"
"29.09.2021","58,47","58,02","59,36","57,95","","0,09%"
"30.09.2021","57,87","59,18","59,95","57,61","","-1,03%"
"01.10.2021","58,05","57,88","59,00","57,19","","0,31%"
"04.10.2021","56,93","57,95","57,95","56,62","","-1,93%"
"05.10.2021","56,65","56,85","57,61","56,32","","-0,49%"
"06.10.2021","55,52","56,90","56,91","54,82","","-1,99%"
"07.10.2021","55,15","55,51","55,83","54,37","","-0,67%"
"08.10.2021","58,80","55,34","59,84","55,21","","6,62%"
"11.10.2021","58,30","59,00","59,84","57,20","","-0,85%"
"12.10.2021","54,50","57,10","57,24","54,50","","-6,52%"
"13.10.2021","51,50","55,01","55,01","51,34","","-5,50%"
"14.10.2021","50,99","51,90","52,92","50,05","","-0,99%"
"15.10.2021","50,70","51,18","51,26","49,42","","-0,57%"
"18.10.2021","50,80","50,77","51,63","50,50","","0,20%"
"19.10.2021","49,30","50,76","50,76","49,08","","-2,95%"
"20.10.2021","49,31","49,03","50,47","48,82","","0,02%"
"21.10.2021","49,48","49,30","50,48","48,67","","0,34%"
"22.10.2021","50,33","49,65","51,13","49,23","","1,72%"
"25.10.2021","48,69","50,31","51,16","48,58","","-3,26%"
"26.10.2021","46,87","48,93","49,13","46,66","","-3,74%"
"27.10.2021","47,37","46,64","48,20","45,55","","1,07%"
"28.10.2021","45,95","47,36","47,38","45,84","","-3,00%"
"29.10.2021","45,13","46,00","46,30","44,64","","-1,78%"
"02.11.2021","44,18","45,50","45,59","43,76","","-2,11%"
"03.11.2021","43,50","44,29","44,80","43,31","","-1,54%"
"04.11.2021","44,51","43,91","45,34","43,73","","2,32%"
"05.11.2021","49,24","48,10","50,18","46,60","","10,63%"
"08.11.2021","47,69","49,80","49,90","47,16","","-3,15%"
"09.11.2021","42,37","47,98","48,76","42,34","","-11,16%"
"10.11.2021","42,30","42,33","43,29","41,41","","-0,17%"
"12.11.2021","40,81","43,02","43,04","40,27","","-3,52%"
"15.11.2021","41,70","40,99","42,59","40,30","","2,18%"
"16.11.2021","44,02","42,00","44,15","41,80","","5,56%"
"17.11.2021","42,71","44,17","44,31","42,43","","-2,98%"
"18.11.2021","44,97","42,84","45,06","42,45","","5,29%"
"19.11.2021","45,40","45,06","46,09","44,12","","0,96%"
"22.11.2021","43,10","45,50","46,15","42,96","","-5,07%"
"23.11.2021","43,24","43,03","44,28","42,63","","0,32%"
"24.11.2021","40,37","43,50","43,76","40,37","","-6,64%"
"25.11.2021","40,35","40,60","40,90","39,36","","-0,05%"
"26.11.2021","42,00","39,40","43,12","39,03","","4,09%"
"29.11.2021","40,95","42,51","42,63","40,63","","-2,50%"
"30.11.2021","39,37","40,90","41,69","39,37","","-3,86%"
"01.12.2021","38,48","40,09","40,58","37,93","","-2,26%"
"02.12.2021","36,38","38,20","38,23","36,06","","-5,46%"
"03.12.2021","36,55","36,48","37,34","36,37","","0,47%"
"06.12.2021","34,72","36,54","36,99","34,52","","-5,01%"
"07.12.2021","37,27","35,08","37,66","34,96","","7,34%"
"08.12.2021","37,97","37,73","38,80","37,41","","1,88%"
"09.12.2021","39,12","37,92","39,88","37,81","","3,03%"
"10.12.2021","38,01","37,88","38,20","37,63","1,12M","-2,84%"
"13.12.2021","38,00","38,23","38,50","37,96","1,98M","-0,03%"
"14.12.2021","36,48","38,44","38,46","36,48","2,41M","-4,00%"
"15.12.2021","34,77","36,50","36,74","34,66","2,76M","-4,69%"
"16.12.2021","37,25","35,30","38,10","35,30","3,08M","7,13%"
"17.12.2021","37,91","36,79","37,91","36,23","4,95M","1,77%"
"20.12.2021","39,23","37,51","39,44","37,03","2,13M","3,48%"
"21.12.2021","39,38","39,50","40,30","38,77","1,85M","0,38%"
"22.12.2021","41,35","39,50","41,35","39,04","2,04M","5,00%"
"23.12.2021","38,78","41,61","41,96","38,71","3,06M","-6,22%"
"27.12.2021","40,40","38,78","41,00","38,30","1,68M","4,18%"
"28.12.2021","39,77","40,12","40,66","39,06","1,56M","-1,56%"
"29.12.2021","39,80","39,77","40,33","39,22","817,66K","0,08%"
"30.12.2021","38,86","39,56","39,95","38,54","1,93M","-2,36%"
"03.01.2022","39,40","39,49","41,19","39,19","2,55M","1,39%"
"04.01.2022","38,78","39,80","40,00","38,41","1,77M","-1,57%"
"05.01.2022","37,78","38,73","38,73","37,60","3,25M","-2,58%"
"07.01.2022","39,37","37,00","40,25","36,56","6,85M","4,21%"
"10.01.2022","38,63","39,62","40,75","38,58","4,92M","-1,88%"
"11.01.2022","40,83","39,44","40,98","39,08","5,31M","5,70%"
"12.01.2022","42,87","41,20","43,36","41,20","9,01M","5,00%"
"13.01.2022","44,00","42,90","44,40","42,12","7,06M","2,64%"
"14.01.2022","43,23","43,80","43,88","42,83","3,86M","-1,75%"
"17.01.2022","42,30","43,38","43,45","42,12","3,16M","-2,15%"
"18.01.2022","39,86","42,05","42,14","39,82","4,68M","-5,77%"
"19.01.2022","40,20","39,25","40,63","38,85","3,52M","0,85%"
"20.01.2022","40,25","40,24","41,18","40,12","4,20M","0,12%"
"21.01.2022","39,00","39,45","39,96","38,42","3,32M","-3,11%"
"24.01.2022","36,70","38,60","39,26","36,00","3,95M","-5,90%"
"25.01.2022","37,85","37,37","38,36","37,01","2,73M","3,13%"
"26.01.2022","37,58","38,12","38,20","36,90","3,83M","-0,71%"
"27.01.2022","36,40","36,90","37,46","36,12","3,49M","-3,14%"
"28.01.2022","35,38","36,50","36,61","34,82","4,69M","-2,80%"
"31.01.2022","37,60","36,30","37,70","35,90","4,72M","6,27%"
"01.02.2022","38,84","37,60","38,84","36,84","3,23M","3,30%"
"02.02.2022","38,52","39,20","39,20","38,32","1,68M","-0,82%"
"03.02.2022","36,38","38,04","38,07","36,38","3,36M","-5,56%"
"04.02.2022","35,17","36,78","37,67","35,17","92,50K","-3,33%"
"07.02.2022","35,04","35,48","35,74","34,54","4,07M","-0,37%"
"08.02.2022","33,66","35,10","35,20","32,93","4,67M","-3,94%"
"09.02.2022","35,16","34,09","35,32","33,50","4,05M","4,46%"
"10.02.2022","34,80","36,00","36,00","33,91","2,01M","-1,02%"
"11.02.2022","35,19","34,30","35,45","34,11","2,17M","1,12%"
"14.02.2022","34,95","34,11","35,08","33,10","3,17M","-0,68%"
"15.02.2022","35,69","35,07","36,06","35,01","1,66M","2,12%"
"16.02.2022","34,33","36,00","36,19","34,11","3,28M","-3,81%"
"17.02.2022","33,83","34,49","34,66","33,70","1,51M","-1,46%"
"18.02.2022","32,65","33,70","34,07","32,65","2,56M","-3,49%"
"21.02.2022","31,20","33,00","33,26","31,02","2,42M","-4,44%"
"22.02.2022","32,75","30,20","32,89","29,84","3,17M","4,97%"
"23.02.2022","30,61","33,20","33,20","30,58","4,76M","-6,53%"
"24.02.2022","26,40","27,00","28,23","24,50","13,85M","-13,75%"
"25.02.2022","27,51","27,59","28,59","26,07","6,36M","4,20%"
"28.02.2022","31,36","26,46","31,46","26,20","5,75M","13,99%"
"01.03.2022","30,20","31,62","31,89","29,82","3,85M","-3,70%"
"02.03.2022","29,25","29,60","31,00","29,14","3,66M","-3,15%"
"03.03.2022","27,75","29,25","29,50","27,75","2,77M","-5,13%"
"04.03.2022","26,30","27,52","27,68","26,12","3,74M","-5,23%"
"07.03.2022","26,40","25,70","26,74","23,14","9,96M","0,38%"
"08.03.2022","26,20","26,00","27,48","25,36","3,55M","-0,76%"
"09.03.2022","29,14","27,25","29,20","26,71","3,96M","11,22%"
"10.03.2022","29,23","29,80","30,30","28,54","3,40M","0,31%"
"11.03.2022","29,37","29,50","30,58","28,81","3,23M","0,48%"
"14.03.2022","29,24","29,25","29,68","28,36","2,38M","-0,44%"
"15.03.2022","29,43","29,80","29,95","28,43","2,52M","0,65%"
"16.03.2022","30,89","30,95","32,15","30,12","4,65M","4,96%"
"17.03.2022","32,70","31,85","32,70","31,32","5,82M","5,86%"
"18.03.2022","32,43","32,94","33,15","31,95","4,97M","-0,83%"
"21.03.2022","31,84","32,25","32,88","31,21","2,71M","-1,82%"
"22.03.2022","32,89","31,72","33,17","31,25","4,29M","3,30%"
"23.03.2022","32,33","33,10","33,72","32,01","1,82M","-1,70%"
"24.03.2022","33,41","32,53","33,70","31,84","2,23M","3,34%"
"25.03.2022","33,00","33,50","34,18","32,66","2,39M","-1,23%"
"28.03.2022","34,50","33,50","34,79","33,05","3,85M","4,55%"
"29.03.2022","36,20","34,80","36,20","34,17","4,65M","4,93%"
"30.03.2022","36,50","36,20","36,66","35,75","2,80M","0,83%"
"31.03.2022","35,57","36,60","36,65","35,57","3,12M","-2,55%"
"01.04.2022","35,10","35,56","35,98","34,85","2,39M","-1,32%"
"04.04.2022","32,70","35,60","35,60","31,73","6,51M","-6,84%"
"05.04.2022","32,78","32,80","33,33","32,32","2,38M","0,24%"
"06.04.2022","30,16","32,70","32,70","29,93","4,67M","-7,99%"
"07.04.2022","29,04","30,48","30,50","29,04","2,81M","-3,71%"
"08.04.2022","28,71","29,45","29,48","28,64","2,75M","-1,14%"
"11.04.2022","28,36","28,79","29,45","27,85","2,96M","-1,22%"
"12.04.2022","27,80","28,30","28,36","27,52","2,87M","-1,97%"
"13.04.2022","26,80","28,00","28,18","26,72","4,43M","-3,60%"
"14.04.2022","27,90","27,00","28,48","27,00","2,35M","4,10%"
"19.04.2022","27,02","28,18","28,21","26,33","3,31M","-3,15%"
"20.04.2022","27,91","27,49","28,52","27,05","4,95M","3,29%"
"21.04.2022","28,05","27,85","28,96","27,16","4,33M","0,50%"
"22.04.2022","27,00","27,90","27,90","26,88","1,82M","-3,74%"
"25.04.2022","27,05","26,44","27,48","26,10","2,05M","0,19%"
"26.04.2022","24,61","27,59","27,59","24,61","6,51M","-9,02%"
"27.04.2022","24,05","24,90","24,95","23,86","3,54M","-2,28%"
"28.04.2022","24,35","24,57","24,85","23,15","4,65M","1,25%"
"29.04.2022","23,04","24,99","25,41","23,01","5,74M","-5,38%"
"02.05.2022","22,93","22,23","23,36","22,22","3,07M","-0,48%"
"04.05.2022","22,57","23,20","23,44","22,38","300,00K","-1,57%"
"05.05.2022","21,23","23,40","23,43","21,23","5,20M","-5,94%"
"06.05.2022","21,95","21,02","22,14","20,61","4,28M","3,39%"
"09.05.2022","22,30","21,85","22,62","21,48","2,66M","1,59%"
"10.05.2022","21,82","22,32","22,58","21,23","3,58M","-2,15%"
"11.05.2022","22,38","22,10","23,25","21,52","3,49M","2,57%"
"12.05.2022","22,44","21,70","22,67","20,75","3,96M","0,27%"
"13.05.2022","23,05","23,00","23,14","21,83","3,40M","2,72%"
"16.05.2022","22,30","22,89","23,32","21,93","2,55M","-3,25%"
"17.05.2022","23,86","22,59","24,11","22,25","2,85M","7,00%"
"18.05.2022","23,34","23,86","24,25","23,20","2,19M","-2,18%"
"19.05.2022","23,40","22,81","23,42","22,46","4,38M","0,26%"
"20.05.2022","24,29","23,60","24,93","23,47","2,96M","3,80%"
"23.05.2022","23,50","24,86","25,18","23,23","7,66M","-3,25%"
"24.05.2022","22,27","23,15","23,32","22,21","5,31M","-5,23%"
"25.05.2022","22,30","22,50","22,72","22,02","2,01M","0,13%"
"26.05.2022","23,45","21,70","23,60","21,30","5,58M","5,16%"
"27.05.2022","24,70","23,58","24,93","23,52","10,29M","5,33%"
"30.05.2022","25,03","24,83","25,21","24,55","3,51M","1,34%"
"31.05.2022","25,11","25,00","25,25","24,61","6,12M","0,32%"
"01.06.2022","23,70","25,00","25,12","23,70","3,20M","-5,62%"
"02.06.2022","23,77","23,61","23,90","23,38","1,28M","0,30%"
"03.06.2022","22,89","24,00","24,30","22,79","2,31M","-3,70%"
"06.06.2022","23,01","23,02","23,40","22,93","1,22M","0,52%"
"07.06.2022","22,38","22,81","22,82","22,21","2,25M","-2,74%"
"08.06.2022","21,41","22,46","22,60","21,31","3,12M","-4,33%"
"09.06.2022","20,80","21,50","21,86","20,56","3,12M","-2,85%"
"10.06.2022","21,20","20,73","21,66","20,49","2,22M","1,92%"
"13.06.2022","20,12","20,62","21,00","19,94","2,58M","-5,09%"
"14.06.2022","19,69","20,30","20,58","19,62","3,60M","-2,14%"
"15.06.2022","20,23","19,83","20,30","19,42","5,35M","2,74%"
"17.06.2022","20,61","19,78","21,10","19,78","5,96M","1,88%"
"20.06.2022","21,47","20,90","21,78","20,84","2,59M","4,17%"
"21.06.2022","22,48","21,66","22,59","21,18","4,99M","4,70%"
"22.06.2022","22,43","22,04","22,92","21,70","3,50M","-0,22%"
"23.06.2022","22,83","22,40","22,98","21,82","2,72M","1,78%"
"24.06.2022","23,45","22,90","23,72","22,34","2,77M","2,72%"
"27.06.2022","24,07","23,61","24,36","23,16","4,11M","2,64%"
"28.06.2022","23,93","24,00","24,77","23,75","4,25M","-0,58%"
"29.06.2022","24,00","23,10","24,41","22,60","2,48M","0,29%"
"30.06.2022","23,84","24,07","24,16","23,55","1,72M","-0,67%"
"01.07.2022","23,22","23,66","24,52","23,05","2,08M","-2,60%"
"04.07.2022","22,71","23,30","23,41","22,62","1,31M","-2,20%"
"05.07.2022","22,82","22,84","23,24","21,87","1,99M","0,48%"
"06.07.2022","26,42","23,00","27,15","23,00","9,67M","15,78%"
"07.07.2022","27,50","26,42","28,12","26,20","4,81M","4,09%"
"08.07.2022","26,88","27,70","27,70","26,57","2,94M","-2,25%"
"11.07.2022","27,47","26,52","27,70","26,33","2,07M","2,19%"
"12.07.2022","25,60","27,30","27,34","25,40","2,53M","-6,81%"
"13.07.2022","24,82","25,45","25,89","24,34","3,10M","-3,05%"
"14.07.2022","24,45","24,90","25,19","24,12","2,84M","-1,49%"
"15.07.2022","25,00","24,67","26,10","24,59","2,83M","2,25%"
"18.07.2022","25,61","25,50","25,71","24,62","2,44M","2,44%"
"19.07.2022","25,86","25,45","25,96","24,73","1,73M","0,98%"
"20.07.2022","27,49","26,50","27,93","26,40","3,72M","6,30%"
"21.07.2022","26,57","27,39","27,39","26,52","3,29M","-3,35%"
"22.07.2022","26,88","26,99","27,59","26,18","3,34M","1,17%"
"25.07.2022","25,73","26,50","26,74","25,57","1,99M","-4,28%"
"26.07.2022","24,65","25,66","25,70","24,43","2,27M","-4,20%"
"27.07.2022","23,71","25,00","25,00","23,46","2,75M","-3,81%"
"28.07.2022","23,40","24,38","24,38","23,09","3,84M","-1,31%"
"29.07.2022","25,04","23,62","25,04","23,62","3,66M","7,01%"
"01.08.2022","24,95","25,09","25,32","24,27","2,11M","-0,36%"
"02.08.2022","25,05","24,90","25,18","24,31","1,47M","0,40%"
"03.08.2022","25,34","24,78","25,68","24,64","1,86M","1,16%"
"04.08.2022","26,71","25,64","27,98","25,48","6,43M","5,41%"
"05.08.2022","25,86","26,93","27,15","25,62","2,03M","-3,18%"
"08.08.2022","25,57","26,30","26,32","25,25","1,32M","-1,12%"
"09.08.2022","26,95","25,50","27,13","25,50","2,77M","5,40%"
"10.08.2022","27,54","26,66","27,72","26,14","4,67M","2,19%"
"11.08.2022","28,50","27,94","29,10","27,30","2,85M","3,49%"
"12.08.2022","28,27","28,60","28,66","27,90","2,11M","-0,81%"
"16.08.2022","29,45","28,50","29,92","28,50","3,01M","4,17%"
"17.08.2022","28,18","29,74","29,74","27,72","3,32M","-4,31%"
"18.08.2022","27,82","27,80","28,71","27,33","1,44M","-1,28%"
"19.08.2022","27,20","27,61","27,95","27,04","1,71M","-2,23%"
"22.08.2022","26,09","26,94","27,05","26,07","2,00M","-4,08%"
"23.08.2022","25,70","25,80","26,38","25,56","2,05M","-1,49%"
"24.08.2022","25,00","25,60","25,99","24,85","2,48M","-2,72%"
"25.08.2022","25,80","25,55","26,46","25,44","1,91M","3,20%"
"26.08.2022","25,21","25,99","26,02","25,00","2,16M","-2,29%"
"29.08.2022","24,34","24,52","24,88","23,72","1,81M","-3,45%"
"30.08.2022","24,12","24,60","25,20","23,92","1,38M","-0,90%"
"31.08.2022","24,80","24,51","25,05","24,30","3,18M","2,82%"
"01.09.2022","24,20","24,50","24,98","24,16","3,03M","-2,42%"
"02.09.2022","25,11","24,80","25,18","24,26","1,51M","3,76%"
"05.09.2022","23,74","24,80","25,09","23,74","1,78M","-5,46%"
"06.09.2022","24,18","24,08","25,10","23,98","240,00K","1,85%"
"07.09.2022","24,36","24,20","24,61","23,96","2,21M","0,74%"
"08.09.2022","25,48","24,73","25,58","24,55","2,86M","4,60%"
"09.09.2022","26,00","25,80","26,65","25,40","3,18M","2,04%"
"12.09.2022","26,18","26,43","26,44","25,44","2,18M","0,69%"
"13.09.2022","25,82","26,20","27,00","25,61","1,96M","-1,38%"
"14.09.2022","25,45","25,56","25,90","24,93","1,48M","-1,43%"
"15.09.2022","25,89","25,40","26,15","25,12","1,23M","1,73%"
"16.09.2022","25,30","25,50","25,80","24,88","3,16M","-2,28%"
"19.09.2022","25,71","25,30","25,84","25,00","1,33M","1,62%"
"20.09.2022","25,09","25,92","25,92","25,00","1,33M","-2,41%"
"21.09.2022","25,89","24,85","26,09","24,69","1,76M","3,19%"
"22.09.2022","25,50","25,45","25,83","25,23","1,46M","-1,51%"
"23.09.2022","24,66","25,50","25,64","24,00","2,61M","-3,29%"
"26.09.2022","24,75","24,30","25,16","24,00","2,19M","0,36%"
"27.09.2022","25,30","25,18","25,60","24,96","2,65M","2,22%"
"28.09.2022","24,50","24,90","25,34","24,25","2,82M","-3,16%"
"29.09.2022","21,98","23,98","23,98","21,93","8,01M","-10,29%"
"30.09.2022","21,55","22,04","22,30","20,75","7,86M","-1,96%"
"03.10.2022","21,23","21,50","21,50","20,61","2,26M","-1,48%"
"04.10.2022","21,88","22,12","22,21","21,40","9,64M","3,06%"
"05.10.2022","20,83","21,96","22,00","20,65","2,20M","-4,80%"
"06.10.2022","20,59","21,10","21,36","20,36","5,10M","-1,15%"
"07.10.2022","20,09","20,25","20,55","19,88","4,14M","-2,43%"
"10.10.2022","19,60","19,87","19,98","19,31","6,55M","-2,44%"
"11.10.2022","19,60","19,50","19,89","19,05","3,19M","0,00%"
"12.10.2022","18,70","19,82","19,82","18,70","6,00M","-4,59%"
"13.10.2022","18,37","18,95","19,09","17,90","11,28M","-1,76%"
"14.10.2022","19,87","19,11","19,96","18,46","10,66M","8,17%"
"17.10.2022","20,35","19,75","20,47","19,40","3,20M","2,42%"
"18.10.2022","20,77","20,55","20,94","20,38","3,38M","2,06%"
"19.10.2022","19,91","20,65","20,66","19,45","3,40M","-4,14%"
"20.10.2022","20,29","19,80","20,37","19,06","5,98M","1,91%"
"21.10.2022","19,90","19,99","20,09","19,57","2,10M","-1,94%"
"24.10.2022","19,89","19,90","20,36","19,76","2,86M","-0,03%"
"25.10.2022","21,03","19,90","21,22","19,90","5,73M","5,76%"
"26.10.2022","21,90","21,08","21,95","21,00","5,58M","4,11%"
"27.10.2022","22,32","21,67","22,40","21,38","3,11M","1,89%"
"28.10.2022","22,33","21,62","22,69","21,31","3,57M","0,07%"
"31.10.2022","23,20","22,50","23,27","22,17","3,01M","3,90%"
"02.11.2022","23,30","23,26","23,68","22,52","4,21M","0,43%"
"03.11.2022","23,48","22,71","23,61","22,62","2,63M","0,77%"
"04.11.2022","23,40","23,38","24,95","23,31","4,97M","-0,34%"
"07.11.2022","23,92","23,50","24,15","23,16","2,73M","2,22%"
"08.11.2022","24,85","23,90","24,85","23,59","2,41M","3,89%"
"09.11.2022","24,27","24,77","25,16","24,19","2,35M","-2,31%"
"10.11.2022","25,92","24,00","26,18","23,70","4,30M","6,80%"
"14.11.2022","25,83","26,39","26,94","25,48","5,47M","-0,37%"
"15.11.2022","26,60","25,89","26,85","25,40","2,99M","2,98%"
"16.11.2022","25,50","26,30","26,48","25,40","3,22M","-4,14%"
"17.11.2022","24,83","25,90","25,95","24,61","4,09M","-2,63%"
"18.11.2022","24,41","24,52","24,80","23,92","3,12M","-1,71%"
"21.11.2022","23,31","24,41","24,50","23,11","4,47M","-4,51%"
"22.11.2022","23,62","23,30","23,84","23,01","1,49M","1,35%"
"23.11.2022","23,93","23,77","24,51","23,42","3,03M","1,31%"
"24.11.2022","25,50","24,36","25,55","24,10","3,66M","6,56%"
"25.11.2022","25,46","25,36","25,90","25,09","1,83M","-0,16%"
"28.11.2022","24,15","25,30","25,30","24,08","2,65M","-5,15%"
"29.11.2022","23,10","24,00","24,37","22,94","6,43M","-4,35%"
"30.11.2022","22,34","23,72","24,09","22,26","9,52M","-3,27%"
"01.12.2022","23,00","23,00","23,28","22,67","6,88M","2,93%"
"02.12.2022","23,61","23,10","24,17","23,00","7,04M","2,65%"
"05.12.2022","23,90","24,00","24,55","23,81","2,17M","1,23%"
"06.12.2022","24,26","23,80","24,44","23,67","1,64M","1,51%"
"07.12.2022","24,83","24,30","24,91","23,83","1,81M","2,33%"
"08.12.2022","24,29","24,90","24,94","23,86","1,90M","-2,16%"
"09.12.2022","24,25","24,50","24,63","24,09","1,58M","-0,16%"
"12.12.2022","25,04","24,02","25,08","23,78","3,17M","3,26%"
"13.12.2022","25,88","25,02","26,20","24,48","3,34M","3,35%"
"14.12.2022","26,01","25,84","26,45","25,75","2,57M","0,52%"
"15.12.2022","24,84","25,61","25,78","24,80","2,84M","-4,52%"
"16.12.2022","24,44","24,61","24,77","24,12","4,60M","-1,61%"
"19.12.2022","24,17","24,50","24,73","24,14","1,91M","-1,08%"
"20.12.2022","24,38","23,97","24,47","23,83","2,44M","0,85%"
"21.12.2022","25,80","24,45","25,81","24,38","4,85M","5,82%"
"22.12.2022","25,61","25,80","26,17","25,45","1,63M","-0,74%"
"23.12.2022","25,38","25,60","25,76","25,04","844,42K","-0,90%"
"27.12.2022","24,83","25,50","25,50","24,72","918,15K","-2,17%"
"28.12.2022","24,89","24,82","25,15","24,31","1,77M","0,24%"
"29.12.2022","25,51","24,91","25,73","24,50","2,12M","2,51%"
"30.12.2022","25,13","25,29","25,45","24,91","1,35M","-1,51%"
"02.01.2023","25,44","25,13","25,98","24,95","942,38K","1,23%"
"03.01.2023","26,67","25,70","27,19","25,56","5,06M","4,82%"
"04.01.2023","27,00","26,70","27,18","26,43","2,83M","1,26%"
"05.01.2023","26,65","27,00","27,38","26,30","3,41M","-1,30%"
"09.01.2023","28,66","27,35","28,79","27,20","4,85M","7,54%"
"10.01.2023","28,91","28,19","29,29","27,80","3,30M","0,87%"
"11.01.2023","29,08","28,85","29,39","28,51","3,05M","0,57%"
"12.01.2023","30,98","29,09","31,24","28,92","9,56M","6,53%"
"13.01.2023","31,35","31,53","31,62","30,58","4,27M","1,23%"
"16.01.2023","31,70","31,50","32,10","30,69","1,89M","1,10%"
"17.01.2023","31,50","31,60","31,80","30,91","3,78M","-0,63%"
"18.01.2023","32,22","31,48","32,54","31,23","4,20M","2,30%"
"19.01.2023","29,52","31,00","31,45","29,36","8,93M","-8,39%"
"20.01.2023","28,73","29,76","29,80","28,72","3,13M","-2,69%"
"23.01.2023","29,86","29,20","30,00","29,02","3,05M","3,95%"
"24.01.2023","29,40","30,10","30,36","29,22","3,31M","-1,54%"
"25.01.2023","29,07","29,20","29,67","28,65","1,62M","-1,12%"
"26.01.2023","30,00","29,49","30,31","29,49","5,43M","3,20%"
"27.01.2023","30,13","30,20","30,35","29,72","2,30M","0,42%"
"30.01.2023","29,69","29,90","30,08","29,50","1,40M","-1,44%"
"31.01.2023","29,96","29,50","30,20","29,25","2,84M","0,91%"
"01.02.2023","29,56","30,00","30,13","28,95","2,21M","-1,35%"
"02.02.2023","31,07","30,10","31,30","30,03","5,37M","5,13%"
"03.02.2023","31,50","30,89","31,73","30,50","5,37M","1,40%"
"06.02.2023","31,13","31,03","31,80","30,89","3,23M","-1,21%"
"07.02.2023","30,88","31,14","31,20","30,36","2,24M","-0,79%"
"08.02.2023","31,39","31,00","32,03","30,99","2,18M","1,65%"
"09.02.2023","31,24","31,48","31,93","31,10","1,36M","-0,48%"
"10.02.2023","29,68","30,90","30,90","29,24","3,50M","-4,99%"
"13.02.2023","29,73","29,68","29,84","29,36","1,15M","0,15%"
"14.02.2023","29,57","30,00","30,22","29,40","1,67M","-0,54%"
"15.02.2023","29,60","29,58","29,94","29,36","743,03K","0,12%"
"16.02.2023","29,15","29,95","30,01","28,82","1,43M","-1,52%"
"17.02.2023","29,03","28,80","29,37","28,50","2,09M","-0,41%"
"20.02.2023","28,83","29,22","29,64","28,61","1,57M","-0,71%"
"21.02.2023","27,70","28,90","28,90","27,63","3,74M","-3,90%"
"22.02.2023","27,99","27,61","28,10","27,15","3,69M","1,05%"
"23.02.2023","28,80","27,99","29,10","27,99","2,23M","2,89%"
"24.02.2023","28,40","28,99","29,08","28,27","1,88M","-1,39%"
"27.02.2023","28,80","28,40","29,15","28,40","1,72M","1,41%"
"28.02.2023","29,06","28,80","29,45","28,43","3,70M","0,89%"
"01.03.2023","28,30","29,35","29,35","28,13","1,71M","-2,62%"
"02.03.2023","27,83","28,01","28,32","27,75","2,55M","-1,66%"
"03.03.2023","28,74","28,08","28,82","28,00","1,52M","3,29%"
"06.03.2023","28,85","29,00","29,18","28,52","1,25M","0,40%"
"07.03.2023","28,29","28,90","29,22","28,07","1,43M","-1,96%"
"08.03.2023","28,33","28,00","28,48","27,83","1,41M","0,16%"
"09.03.2023","28,05","28,48","28,48","27,92","794,95K","-1,02%"
"10.03.2023","27,39","27,35","27,74","27,01","1,96M","-2,34%"
"13.03.2023","27,16","27,35","27,82","26,32","2,65M","-0,84%"
"14.03.2023","27,53","27,30","27,74","27,01","1,59M","1,38%"
"15.03.2023","26,92","27,66","27,76","26,60","2,38M","-2,22%"
"16.03.2023","27,30","27,18","27,30","26,35","2,02M","1,39%"
"17.03.2023","26,81","27,37","27,70","26,41","2,89M","-1,79%"
"20.03.2023","27,10","26,80","27,18","26,15","1,05M","1,08%"
"21.03.2023","26,12","27,20","27,28","25,86","3,59M","-3,62%"
"22.03.2023","26,26","26,42","26,72","26,08","1,90M","0,56%"
"23.03.2023","26,38","26,44","26,66","25,72","1,35M","0,44%"
"24.03.2023","26,01","26,08","26,58","25,91","1,67M","-1,38%"
"27.03.2023","26,16","26,00","26,47","25,98","1,90M","0,56%"
"28.03.2023","25,90","26,38","26,83","25,90","2,91M","-0,99%"
"29.03.2023","26,10","26,18","26,43","25,53","3,27M","0,79%"
"30.03.2023","29,75","26,72","30,25","26,68","9,72M","13,98%"
"31.03.2023","29,31","29,73","29,75","28,86","2,91M","-1,51%"
"03.04.2023","30,59","29,50","30,86","29,30","2,49M","4,40%"
"04.04.2023","30,37","30,63","31,05","30,06","1,45M","-0,74%"
"05.04.2023","30,01","30,36","30,58","29,80","1,65M","-1,17%"
"06.04.2023","30,02","30,06","30,14","29,80","787,54K","0,03%"
"11.04.2023","30,51","30,00","30,85","29,62","2,02M","1,62%"
"12.04.2023","31,02","30,40","31,37","30,34","2,10M","1,67%"
"13.04.2023","31,78","30,92","31,96","30,80","3,17M","2,45%"
"14.04.2023","31,08","31,98","32,10","31,01","1,32M","-2,20%"
"17.04.2023","31,83","31,17","32,06","30,55","1,36M","2,41%"
"18.04.2023","31,93","31,78","32,57","31,70","2,06M","0,31%"
"19.04.2023","32,38","31,90","32,56","31,45","1,25M","1,42%"
"20.04.2023","32,87","32,19","33,38","32,19","2,60M","1,48%"
"21.04.2023","32,83","32,81","32,85","31,80","1,84M","-0,12%"
"24.04.2023","33,00","32,82","33,17","32,63","1,03M","0,53%"
"25.04.2023","32,35","33,00","33,00","32,13","1,27M","-1,95%"
"26.04.2023","32,69","32,10","33,03","32,06","1,51M","1,04%"
"27.04.2023","33,37","32,80","33,39","32,51","1,92M","2,08%"
"28.04.2023","32,72","33,42","33,53","32,40","1,68M","-1,96%"
"02.05.2023","32,67","32,46","33,20","32,46","1,60M","-0,15%"
"04.05.2023","32,78","32,58","33,10","32,25","1,79M","0,37%"
"05.05.2023","33,01","32,88","33,08","32,60","924,60K","0,67%"
"08.05.2023","33,00","33,01","33,18","32,83","968,25K","-0,02%"
"09.05.2023","33,30","32,80","33,53","32,65","1,58M","0,91%"
"10.05.2023","33,97","33,50","34,99","33,22","5,43M","2,01%"
"11.05.2023","35,78","34,11","35,80","33,94","5,00M","5,33%"
"12.05.2023","35,38","35,80","36,08","35,26","2,65M","-1,13%"
"15.05.2023","35,78","35,56","36,70","35,42","4,88M","1,14%"
"16.05.2023","36,35","35,95","36,81","35,34","2,77M","1,59%"
"17.05.2023","36,44","36,48","36,68","35,87","2,43M","0,25%"
"18.05.2023","36,28","36,50","36,67","35,57","2,17M","-0,45%"
"19.05.2023","38,35","36,50","38,51","36,50","6,71M","5,71%"
"22.05.2023","38,58","38,50","38,67","37,92","2,03M","0,61%"
"23.05.2023","37,87","38,70","38,99","37,87","2,43M","-1,85%"
"24.05.2023","36,80","37,54","37,54","36,53","3,98M","-2,81%"
"25.05.2023","34,26","37,00","37,00","33,81","6,17M","-6,89%"
"26.05.2023","35,13","34,30","35,28","34,28","3,55M","2,54%"
"29.05.2023","35,51","35,40","36,20","35,40","1,71M","1,08%"
"30.05.2023","35,32","35,76","36,30","34,83","2,59M","-0,55%"
"31.05.2023","35,52","34,90","36,15","34,17","14,59M","0,57%"
"01.06.2023","35,00","35,52","35,69","34,42","3,12M","-1,46%"
"02.06.2023","36,32","35,39","36,37","35,06","3,17M","3,77%"
"05.06.2023","36,19","36,38","36,80","35,81","2,32M","-0,37%"
"06.06.2023","35,00","36,18","36,18","34,58","3,75M","-3,27%"
"07.06.2023","35,41","35,00","35,64","34,87","1,80M","1,17%"
"09.06.2023","34,56","35,96","36,40","34,44","2,23M","-2,39%"
"12.06.2023","34,69","34,62","34,99","34,10","1,76M","0,35%"
"13.06.2023","32,25","32,53","32,98","32,15","15,74M","-7,02%"
"14.06.2023","32,60","32,26","32,66","31,35","8,30M","1,09%"
"15.06.2023","32,78","32,39","32,86","32,32","5,06M","0,55%"
"16.06.2023","32,51","32,80","33,12","32,30","13,14M","-0,82%"
"19.06.2023","32,35","32,55","33,08","32,34","1,54M","-0,49%"
"20.06.2023","32,40","32,32","32,51","32,00","2,43M","0,15%"
"21.06.2023","32,87","32,46","33,10","32,40","2,66M","1,44%"
"22.06.2023","32,60","32,49","32,77","32,20","1,75M","-0,81%"
"23.06.2023","32,00","32,44","32,69","31,79","2,19M","-1,84%"
"26.06.2023","32,31","32,04","32,74","32,04","1,36M","0,97%"
"27.06.2023","31,94","32,33","32,55","31,85","1,72M","-1,15%"
"28.06.2023","31,99","32,15","32,40","31,84","1,90M","0,16%"
"29.06.2023","32,00","32,00","32,30","31,96","1,14M","0,03%"
"30.06.2023","32,00","32,00","32,20","31,52","1,95M","0,00%"
"03.07.2023","32,06","32,00","32,19","31,52","1,74M","0,19%"
"04.07.2023","32,17","32,16","32,33","31,80","1,62M","0,34%"
"05.07.2023","32,00","32,07","32,18","31,92","1,68M","-0,53%"
"06.07.2023","31,50","31,76","31,90","31,22","2,49M","-1,56%"
"07.07.2023","32,00","31,50","32,08","31,41","1,72M","1,59%"
"10.07.2023","31,95","31,87","32,12","31,47","1,11M","-0,16%"
"11.07.2023","32,11","32,20","32,27","31,73","1,33M","0,50%"
"12.07.2023","32,95","32,13","33,00","31,95","2,71M","2,62%"
"13.07.2023","32,27","33,14","33,56","32,19","2,76M","-2,06%"
"14.07.2023","33,13","32,27","33,46","32,09","1,87M","2,67%"
"17.07.2023","33,04","33,00","33,26","32,78","1,37M","-0,26%"
"18.07.2023","32,90","33,05","33,29","32,62","1,78M","-0,44%"
"19.07.2023","32,50","33,00","33,21","32,44","1,55M","-1,22%"
"20.07.2023","32,47","32,45","33,08","32,23","1,68M","-0,09%"
"21.07.2023","32,67","32,50","32,85","31,95","2,59M","0,62%"
"24.07.2023","32,70","32,84","33,84","32,42","3,31M","0,09%"
"25.07.2023","33,29","33,00","33,33","32,90","1,25M","1,80%"
"26.07.2023","33,20","33,33","33,60","32,99","963,55K","-0,27%"
"27.07.2023","34,65","33,48","34,75","33,37","2,66M","4,37%"
"28.07.2023","35,32","34,60","35,45","34,47","2,77M","1,93%"
"31.07.2023","35,32","35,46","35,80","35,06","2,46M","0,00%"
"01.08.2023","35,78","35,30","35,78","35,19","1,88M","1,30%"
"02.08.2023","34,08","35,22","35,33","34,08","2,04M","-4,77%"
"03.08.2023","34,67","34,05","34,83","33,33","2,20M","1,75%"
"04.08.2023","34,96","35,00","35,58","34,52","1,08M","0,82%"
"07.08.2023","34,69","34,85","35,08","34,60","810,28K","-0,76%"
"08.08.2023","33,85","34,50","34,50","33,72","1,06M","-2,42%"
"09.08.2023","33,79","33,95","34,66","33,63","2,29M","-0,18%"
"10.08.2023","35,44","34,11","35,78","33,90","1,64M","4,88%"
"11.08.2023","34,85","35,10","35,53","34,67","1,48M","-1,68%"
"14.08.2023","35,00","34,59","35,06","34,54","547,78K","0,44%"
"16.08.2023","34,15","34,60","34,85","34,13","1,18M","-2,41%"
"17.08.2023","34,33","34,15","34,83","34,02","1,08M","0,53%"
"18.08.2023","34,48","34,33","34,84","34,12","1,08M","0,42%"
"21.08.2023","33,51","34,33","34,40","33,42","1,35M","-2,80%"
"22.08.2023","33,40","33,78","34,08","33,40","1,57M","-0,33%"
"23.08.2023","33,33","33,52","33,60","32,85","1,90M","-0,24%"
"24.08.2023","32,78","33,88","34,19","32,61","857,87K","-1,64%"
"25.08.2023","32,56","32,50","33,16","32,09","620,87K","-0,66%"
"28.08.2023","32,93","32,61","32,99","32,24","592,26K","1,12%"
"29.08.2023","33,09","33,00","33,28","32,68","889,15K","0,49%"
"30.08.2023","33,19","33,09","33,26","32,86","465,66K","0,30%"
"31.08.2023","33,02","33,00","33,56","32,74","2,97M","-0,51%"
"01.09.2023","32,65","32,76","33,30","32,54","1,46M","-1,12%"
"04.09.2023","32,24","32,65","33,15","32,24","1,05M","-1,24%"
"05.09.2023","31,16","32,22","32,28","31,16","2,08M","-3,38%"
"06.09.2023","31,70","31,50","33,05","30,94","3,17M","1,75%"
"07.09.2023","31,58","31,60","32,01","31,24","2,20M","-0,39%"
"08.09.2023","31,80","31,68","31,93","31,14","1,13M","0,70%"
"11.09.2023","31,52","31,91","32,26","31,30","1,60M","-0,85%"
"12.09.2023","31,60","31,52","31,94","31,27","1,50M","0,24%"
"13.09.2023","31,58","31,45","31,76","31,23","1,90M","-0,08%"
"14.09.2023","31,90","31,75","32,06","31,53","1,26M","1,01%"
"15.09.2023","32,00","32,00","32,21","31,84","3,60M","0,33%"
"18.09.2023","31,05","31,91","31,98","30,92","2,00M","-2,98%"
"19.09.2023","30,55","31,23","31,55","30,34","1,90M","-1,59%"
"20.09.2023","30,74","30,56","31,10","30,50","2,27M","0,62%"
"21.09.2023","29,90","30,55","30,60","29,70","1,75M","-2,75%"
"22.09.2023","29,83","29,86","30,19","29,56","1,82M","-0,23%"
"25.09.2023","28,89","29,82","29,87","28,80","2,41M","-3,13%"
"26.09.2023","29,31","28,82","29,53","28,31","1,70M","1,44%"
"27.09.2023","30,15","29,47","30,40","29,34","2,03M","2,88%"
"28.09.2023","31,85","32,10","32,90","30,22","5,79M","5,66%"
"29.09.2023","32,24","32,20","33,08","32,11","3,44M","1,19%"
"02.10.2023","32,70","32,20","33,22","32,18","2,20M","1,44%"
"03.10.2023","31,58","32,92","32,92","31,33","2,09M","-3,41%"
"04.10.2023","31,72","31,30","32,59","31,05","3,18M","0,41%"
"05.10.2023","31,02","32,00","32,01","31,00","1,58M","-2,18%"
"06.10.2023","28,75","29,30","29,30","28,32","15,53M","-7,33%"
"09.10.2023","28,25","28,75","28,80","27,82","5,66M","-1,76%"
"10.10.2023","28,85","28,40","29,01","28,32","4,42M","2,16%"
"11.10.2023","28,61","28,86","29,00","28,25","3,47M","-0,85%"
"12.10.2023","28,42","28,70","29,05","28,30","4,73M","-0,65%"
"13.10.2023","28,40","28,42","28,82","28,30","2,64M","-0,11%"
"16.10.2023","27,87","28,94","28,94","27,27","5,69M","-1,85%"
"17.10.2023","28,88","27,87","29,20","27,87","4,16M","3,61%"
"18.10.2023","28,90","29,08","29,61","28,50","3,29M","0,09%"
"19.10.2023","28,53","28,67","28,98","28,42","1,40M","-1,28%"
"20.10.2023","28,70","28,50","28,90","28,25","1,84M","0,60%"
"23.10.2023","28,23","28,70","28,84","28,11","1,50M","-1,64%"
"24.10.2023","29,15","28,57","29,43","28,47","3,27M","3,26%"
"25.10.2023","28,77","29,02","29,26","28,52","2,05M","-1,30%"
"26.10.2023","29,00","28,52","29,08","28,52","2,38M","0,80%"
"27.10.2023","28,96","29,07","29,13","28,80","1,16M","-0,14%"
"30.10.2023","29,72","29,10","29,76","29,00","2,00M","2,61%"
"31.10.2023","30,15","29,80","30,55","29,61","2,28M","1,46%"
"02.11.2023","30,79","31,06","31,16","30,18","2,36M","2,12%"
"03.11.2023","31,30","30,80","31,33","30,50","1,81M","1,64%"
"06.11.2023","31,20","31,33","31,44","31,00","1,88M","-0,30%"
"07.11.2023","31,16","31,15","31,86","30,86","3,03M","-0,14%"
"08.11.2023","30,86","31,16","31,22","30,86","1,37M","-0,95%"
"09.11.2023","30,97","30,80","30,97","29,89","3,28M","0,36%"
"10.11.2023","30,89","30,88","30,98","30,43","938,25K","-0,27%"
"13.11.2023","30,38","30,96","31,27","30,35","1,40M","-1,65%"
"14.11.2023","31,77","30,45","31,95","30,00","2,56M","4,61%"
"15.11.2023","32,53","31,95","32,85","31,64","3,98M","2,39%"
"16.11.2023","29,51","32,00","32,00","29,50","10,86M","-9,28%"
"17.11.2023","29,20","29,51","30,10","29,10","3,84M","-1,07%"
"20.11.2023","29,55","29,31","30,10","29,25","1,88M","1,20%"
"21.11.2023","29,80","29,63","30,35","29,61","2,12M","0,85%"
"22.11.2023","30,13","29,99","30,28","29,83","1,90M","1,09%"
"23.11.2023","29,94","30,13","30,25","29,82","822,17K","-0,61%"
"24.11.2023","29,64","29,92","30,20","29,64","1,11M","-1,00%"
"27.11.2023","29,25","29,88","30,10","28,77","1,76M","-1,32%"
"28.11.2023","29,06","29,24","29,56","28,92","1,80M","-0,65%"
"29.11.2023","28,99","29,29","29,52","28,92","1,46M","-0,24%"
"30.11.2023","28,94","29,00","29,38","28,94","9,57M","-0,17%"
"01.12.2023","29,50","28,96","29,56","28,61","1,99M","1,94%"
"04.12.2023","29,42","29,50","30,00","29,24","1,04M","-0,27%"
"05.12.2023","30,30","29,58","30,42","29,39","2,61M","2,99%"
"06.12.2023","30,32","30,41","30,55","29,90","1,34M","0,05%"
"07.12.2023","30,03","30,32","30,34","29,76","1,31M","-0,92%"
"08.12.2023","30,23","30,03","30,55","30,03","1,22M","0,63%"
"11.12.2023","30,14","30,21","30,51","29,94","1,75M","-0,28%"
"12.12.2023","29,92","30,20","30,41","29,62","2,82M","-0,73%"
"13.12.2023","30,93","30,00","31,17","29,99","3,52M","3,38%"
"14.12.2023","32,20","31,42","32,25","31,16","5,42M","4,11%"
"15.12.2023","34,27","32,25","34,77","32,10","12,82M","6,43%"
"18.12.2023","33,84","33,98","33,98","32,75","2,97M","-1,25%"
"19.12.2023","33,67","33,22","34,16","33,22","2,53M","-0,52%"
"20.12.2023","33,56","33,68","33,88","33,10","2,19M","-0,31%"
"21.12.2023","33,04","33,40","33,40","32,70","2,27M","-1,55%"
"22.12.2023","33,00","32,85","33,08","32,35","1,45M","-0,12%"
"27.12.2023","33,40","33,20","33,57","33,17","1,26M","1,21%"
"28.12.2023","33,48","33,50","33,88","33,35","1,39M","0,24%"
"29.12.2023","33,33","33,50","33,63","33,04","1,21M","-0,46%"
"02.01.2024","31,31","33,33","33,35","31,31","2,84M","-6,05%"
"03.01.2024","30,33","31,33","31,50","29,83","4,28M","-3,11%"
"04.01.2024","30,00","30,50","30,84","29,83","4,49M","-1,10%"
"05.01.2024","29,93","30,00","30,11","29,53","2,21M","-0,23%"
"08.01.2024","29,90","29,63","29,97","29,52","2,39M","-0,12%"
"09.01.2024","30,50","30,19","30,55","29,92","2,68M","2,01%"
"10.01.2024","31,45","30,50","31,53","30,41","3,87M","3,13%"
"11.01.2024","31,41","31,48","32,44","31,27","5,73M","-0,14%"
"12.01.2024","32,40","31,39","32,89","31,38","3,98M","3,17%"
"15.01.2024","31,10","32,40","32,69","30,92","2,01M","-4,01%"
"16.01.2024","30,89","31,10","31,41","30,55","1,24M","-0,69%"
"17.01.2024","30,19","30,60","30,80","30,12","1,82M","-2,23%"
"18.01.2024","30,59","30,45","31,02","30,02","2,12M","1,31%"
"19.01.2024","31,51","30,93","31,51","30,25","2,72M","3,01%"
"22.01.2024","30,23","31,30","31,52","30,12","2,51M","-4,08%"
"23.01.2024","30,00","30,53","30,60","29,75","1,54M","-0,74%"
"24.01.2024","30,52","30,30","30,63","30,02","1,27M","1,73%"
"25.01.2024","30,20","30,59","31,10","29,93","1,61M","-1,05%"
"26.01.2024","30,22","30,06","30,30","29,85","1,05M","0,07%"
"29.01.2024","30,14","30,20","30,36","29,85","877,96K","-0,28%"
"30.01.2024","30,15","30,14","30,49","29,96","1,01M","0,03%"
"31.01.2024","30,39","30,02","30,40","30,02","1,35M","0,80%"
"01.02.2024","30,97","30,39","31,29","30,13","1,86M","1,93%"
"02.02.2024","30,41","31,06","31,57","30,41","2,23M","-1,81%"
"05.02.2024","30,38","30,60","31,28","30,25","1,99M","-0,12%"
"06.02.2024","30,65","30,78","30,83","30,33","1,46M","0,91%"
"07.02.2024","31,00","30,53","31,20","30,40","1,01M","1,14%"
"08.02.2024","31,48","30,90","31,70","30,87","1,19M","1,55%"
"09.02.2024","31,67","31,48","31,80","31,32","2,19M","0,59%"
"12.02.2024","32,19","31,70","32,19","31,50","1,60M","1,67%"
"13.02.2024","31,29","32,16","32,74","30,78","3,37M","-2,81%"
"14.02.2024","32,04","31,04","32,10","31,04","943,22K","2,41%"
"15.02.2024","32,00","32,04","32,26","31,88","1,02M","-0,14%"
"16.02.2024","31,80","32,00","32,30","31,61","564,70K","-0,63%"
"19.02.2024","32,26","31,80","32,31","31,67","1,22M","1,43%"
"20.02.2024","31,86","31,98","32,40","31,79","1,27M","-1,22%"
"21.02.2024","31,18","31,86","32,16","31,14","1,64M","-2,13%"
"22.02.2024","33,13","31,70","33,16","31,40","3,12M","6,24%"
"23.02.2024","32,87","33,13","33,94","32,53","2,29M","-0,77%"
"26.02.2024","33,38","32,87","33,45","32,83","1,16M","1,54%"
"27.02.2024","33,54","33,38","33,96","33,12","2,05M","0,49%"
"28.02.2024","32,35","33,54","33,54","32,31","1,52M","-3,55%"
"29.02.2024","32,24","32,15","32,71","31,91","1,93M","-0,32%"
"01.03.2024","31,35","32,60","32,63","31,14","1,73M","-2,78%"
"04.03.2024","30,75","31,50","31,60","30,70","1,72M","-1,91%"
"05.03.2024","30,54","30,70","30,82","30,22","3,12M","-0,68%"
"06.03.2024","30,52","30,54","30,90","30,50","2,08M","-0,07%"
"07.03.2024","30,80","30,30","30,92","30,10","1,90M","0,92%"
"08.03.2024","31,26","30,99","31,40","30,52","2,58M","1,49%"
"11.03.2024","30,83","31,24","31,31","30,52","2,13M","-1,36%"
"12.03.2024","31,09","31,00","31,34","30,67","2,98M","0,83%"
"13.03.2024","30,33","31,16","31,18","30,31","2,77M","-2,43%"
"14.03.2024","30,68","31,36","32,15","30,34","6,22M","1,14%"
"15.03.2024","33,06","30,80","33,51","30,79","9,87M","7,76%"
"18.03.2024","32,06","33,07","33,55","31,46","3,33M","-3,04%"
"19.03.2024","31,64","32,06","33,00","31,20","3,11M","-1,31%"
"20.03.2024","31,61","31,70","32,06","31,46","2,23M","-0,08%"
"21.03.2024","32,59","31,80","32,75","31,77","2,77M","3,10%"
"22.03.2024","32,74","32,63","33,37","32,42","2,51M","0,46%"
"25.03.2024","31,59","32,60","32,72","31,49","1,66M","-3,51%"
"26.03.2024","31,96","31,60","32,36","31,47","2,45M","1,17%"
"27.03.2024","32,40","31,96","32,40","31,90","1,20M","1,39%"
"28.03.2024","33,08","32,43","33,14","32,42","2,12M","2,10%"
"02.04.2024","32,20","33,07","33,07","31,86","1,93M","-2,67%"
"03.04.2024","32,09","32,12","32,72","31,70","1,78M","-0,34%"
"04.04.2024","31,66","32,00","32,09","31,52","2,23M","-1,36%"
"05.04.2024","30,90","31,50","31,51","30,79","3,02M","-2,39%"
"08.04.2024","31,06","30,90","31,17","30,52","2,21M","0,50%"
"09.04.2024","30,75","31,06","31,53","30,56","2,19M","-0,98%"
"10.04.2024","31,04","30,80","31,20","30,67","2,26M","0,94%"
"11.04.2024","31,45","31,00","32,08","30,85","3,30M","1,34%"
"12.04.2024","30,94","31,49","31,76","30,85","1,77M","-1,64%"
"15.04.2024","31,00","30,92","31,52","30,73","1,05M","0,19%"
"16.04.2024","31,38","30,58","31,52","30,50","2,11M","1,21%"
"17.04.2024","31,89","31,38","33,42","31,30","15,70M","1,64%"
"18.04.2024","33,00","31,96","33,04","31,67","6,89M","3,48%"
"19.04.2024","32,67","32,48","33,15","32,46","8,86M","-1,02%"
"22.04.2024","33,29","32,99","33,85","32,65","10,53M","1,93%"
"23.04.2024","33,33","33,49","33,83","32,94","2,20M","0,09%"
"24.04.2024","32,90","33,33","33,48","32,49","2,87M","-1,28%"
"25.04.2024","32,30","32,90","33,00","32,17","1,86M","-1,82%"
"26.04.2024","33,27","32,60","33,90","32,60","2,69M","3,00%"
"29.04.2024","34,29","33,29","34,38","33,28","2,93M","3,08%"
"30.04.2024","34,01","34,37","34,62","33,70","1,46M","-0,82%"
"02.05.2024","34,20","33,90","34,51","33,84","1,03M","0,54%"
"06.05.2024","36,90","34,62","37,59","34,62","6,02M","7,91%"
"07.05.2024","36,21","36,60","37,38","35,82","5,61M","-1,88%"
"08.05.2024","36,42","36,20","36,72","36,10","3,53M","0,57%"
"09.05.2024","37,12","36,44","37,50","36,22","7,43M","1,92%"
"10.05.2024","38,00","37,31","38,12","37,31","3,95M","2,38%"
"13.05.2024","38,06","37,71","38,46","37,71","3,87M","0,16%"
"14.05.2024","38,06","38,00","38,08","37,30","5,34M","0,00%"
"15.05.2024","38,24","38,01","38,24","37,54","3,48M","0,46%"
"16.05.2024","38,39","38,22","38,74","38,11","2,02M","0,41%"
"17.05.2024","38,85","38,00","38,90","38,00","5,80M","1,20%"
"20.05.2024","38,85","39,00","39,18","36,78","4,02M","0,00%"
"21.05.2024","37,63","38,70","38,90","37,35","3,31M","-3,11%"
"22.05.2024","37,91","37,50","37,91","36,08","3,30M","0,73%"
"23.05.2024","39,92","38,58","41,17","38,30","7,74M","5,30%"
"24.05.2024","40,00","39,72","40,45","39,62","3,35M","0,20%"
"27.05.2024","39,97","40,00","40,38","39,44","8,08M","-0,06%"
"28.05.2024","39,83","40,00","40,71","39,51","4,21M","-0,35%"
"29.05.2024","39,13","39,60","39,83","38,67","3,75M","-1,78%"
"31.05.2024","37,78","38,90","39,00","37,00","9,42M","-3,45%"
"03.06.2024","38,00","38,17","38,49","37,60","2,23M","0,60%"
"04.06.2024","38,29","37,89","38,54","37,60","4,13M","0,76%"
"05.06.2024","38,25","38,29","38,54","37,74","2,27M","-0,10%"
"06.06.2024","37,67","38,30","38,80","37,42","1,87M","-1,50%"
"07.06.2024","37,18","37,60","37,81","36,67","2,35M","-1,31%"
"10.06.2024","37,49","36,69","37,49","36,64","2,25M","0,83%"
"11.06.2024","37,29","37,50","37,78","36,95","1,44M","-0,52%"
"12.06.2024","37,56","37,30","37,69","36,85","3,45M","0,71%"
"13.06.2024","37,33","37,72","37,82","37,01","1,62M","-0,60%"
"14.06.2024","36,76","37,31","37,33","36,36","1,47M","-1,53%"
"17.06.2024","37,70","36,72","37,94","36,72","6,49M","2,54%"
"18.06.2024","37,20","37,93","38,00","37,11","1,67M","-1,33%"
"19.06.2024","37,30","37,50","37,55","36,92","1,23M","0,27%"
"20.06.2024","37,19","37,30","37,65","36,78","2,38M","-0,31%"
"21.06.2024","37,06","37,05","37,52","36,85","5,54M","-0,34%"
"24.06.2024","37,62","37,00","37,79","36,95","2,22M","1,51%"
"25.06.2024","37,60","37,62","38,08","37,10","2,15M","-0,07%"
"26.06.2024","38,29","38,00","38,44","37,71","5,41M","1,85%"
"27.06.2024","38,06","38,10","38,90","37,90","3,44M","-0,61%"
"28.06.2024","37,70","38,12","38,22","37,46","1,68M","-0,93%"
"01.07.2024","37,25","37,90","38,13","37,21","2,07M","-1,19%"
"02.07.2024","36,44","37,13","37,24","36,23","3,15M","-2,17%"
"03.07.2024","36,63","36,93","37,11","36,38","1,86M","0,52%"
"04.07.2024","36,42","36,63","36,76","35,97","1,25M","-0,56%"
"05.07.2024","35,60","36,48","36,80","35,24","1,55M","-2,26%"
"08.07.2024","35,88","35,60","36,03","35,41","1,32M","0,77%"
"09.07.2024","36,09","35,86","36,14","35,80","1,16M","0,60%"
"10.07.2024","35,76","36,19","36,57","35,30","1,81M","-0,90%"
"11.07.2024","36,60","36,00","36,75","35,74","878,42K","2,35%"
"12.07.2024","36,80","36,45","36,87","36,17","1,78M","0,53%"
"15.07.2024","36,67","36,50","36,89","36,15","1,26M","-0,34%"
"16.07.2024","35,88","36,51","36,60","35,56","1,55M","-2,17%"
"17.07.2024","34,78","35,80","35,98","34,60","2,07M","-3,07%"
"18.07.2024","35,30","34,98","35,59","34,40","1,90M","1,50%"
"19.07.2024","35,13","35,19","35,52","34,79","965,38K","-0,48%"
"22.07.2024","35,13","35,28","35,55","34,83","880,34K","-0,01%"
"23.07.2024","35,42","35,15","35,42","34,80","1,25M","0,85%"
"24.07.2024","35,33","35,00","35,51","34,67","1,20M","-0,27%"
"25.07.2024","35,41","34,83","35,44","34,80","1,43M","0,23%"
"26.07.2024","35,50","35,42","35,65","35,12","703,50K","0,25%"
"29.07.2024","35,74","35,80","35,88","35,15","2,38M","0,68%"
"30.07.2024","35,88","35,86","37,02","35,76","3,29M","0,38%"
"31.07.2024","36,40","36,35","36,85","36,08","2,46M","1,46%"
"01.08.2024","36,21","36,70","36,74","35,96","1,27M","-0,52%"
"02.08.2024","35,86","35,78","35,99","35,15","1,73M","-0,97%"
"05.08.2024","35,15","34,22","35,18","34,01","1,91M","-1,97%"
"06.08.2024","34,53","35,42","35,80","34,20","2,14M","-1,78%"
"07.08.2024","35,39","34,97","35,45","34,78","1,75M","2,49%"
"08.08.2024","36,24","35,38","36,26","34,83","1,91M","2,39%"
"09.08.2024","36,31","36,56","36,81","36,15","2,25M","0,19%"
"12.08.2024","37,25","36,31","37,48","36,17","1,87M","2,60%"
"13.08.2024","37,50","37,47","37,58","37,22","2,31M","0,67%"
"14.08.2024","38,20","37,58","38,64","37,58","2,94M","1,87%"
"16.08.2024","39,15","38,79","39,64","38,77","3,53M","2,47%"
"19.08.2024","38,26","39,06","39,26","38,06","2,58M","-2,25%"
"20.08.2024","37,44","38,50","38,51","37,32","1,60M","-2,17%"
"21.08.2024","38,53","37,35","38,56","36,92","1,79M","2,93%"
"22.08.2024","38,72","38,24","39,25","38,24","1,24M","0,51%"
"23.08.2024","37,88","38,85","38,85","37,67","1,68M","-2,17%"
"26.08.2024","37,88","37,99","38,13","37,22","1,06M","-0,03%"
"27.08.2024","37,62","37,96","38,06","37,16","1,06M","-0,67%"
"28.08.2024","37,38","37,80","37,94","37,31","1,01M","-0,62%"
"29.08.2024","37,90","37,40","37,94","37,18","1,14M","1,38%"
"30.08.2024","38,07","37,90","38,07","37,58","2,52M","0,45%"
"02.09.2024","37,88","37,75","38,19","36,94","1,18M","-0,50%"
"03.09.2024","37,90","37,98","38,40","37,78","746,55K","0,05%"
"04.09.2024","37,46","37,40","37,79","37,17","1,01M","-1,16%"
"05.09.2024","36,72","37,35","37,53","36,60","1,41M","-1,98%"
"06.09.2024","35,86","36,56","37,40","35,81","1,53M","-2,34%"
"09.09.2024","35,92","36,00","36,06","35,52","1,03M","0,18%"
"10.09.2024","35,96","35,78","36,49","35,67","2,05M","0,08%"
"11.09.2024","35,98","35,61","36,47","35,61","1,86M","0,07%"
"12.09.2024","37,20","36,49","37,26","36,47","1,17M","3,39%"
"13.09.2024","37,53","37,00","37,62","36,97","1,36M","0,90%"
"16.09.2024","37,80","37,69","38,05","37,53","1,15M","0,71%"
"17.09.2024","38,67","38,00","38,79","37,87","2,14M","2,29%"
"18.09.2024","38,72","38,67","38,96","38,23","1,39M","0,16%"
"19.09.2024","35,47","37,00","37,49","34,65","13,77M","-8,39%"
"20.09.2024","35,83","35,47","36,07","35,37","9,03M","1,00%"
"23.09.2024","36,33","35,83","36,35","35,38","3,00M","1,41%"
"24.09.2024","36,30","36,45","36,67","36,22","2,50M","-0,10%"
"25.09.2024","36,58","36,12","36,67","36,01","2,42M","0,77%"
"26.09.2024","36,10","36,28","36,88","35,94","4,03M","-1,30%"
"27.09.2024","36,07","36,10","36,46","35,92","3,08M","-0,10%"
"30.09.2024","34,81","35,92","36,00","34,48","4,85M","-3,49%"
"01.10.2024","34,71","34,92","35,55","34,65","3,18M","-0,30%"
"02.10.2024","34,72","34,99","35,15","34,44","1,55M","0,03%"
"03.10.2024","34,46","34,43","34,71","33,88","1,99M","-0,75%"
"04.10.2024","34,10","34,46","34,58","34,08","1,73M","-1,03%"
"07.10.2024","34,12","34,12","34,59","33,90","2,22M","0,04%"
"08.10.2024","34,30","33,90","34,30","33,82","3,23M","0,54%"
"09.10.2024","34,44","34,38","34,87","33,93","3,49M","0,41%"
"10.10.2024","34,44","34,46","34,92","34,20","1,62M","0,01%"
"11.10.2024","35,72","34,50","35,91","34,49","1,78M","3,69%"
"14.10.2024","35,01","35,40","35,60","34,79","1,63M","-1,99%"
"15.10.2024","34,77","35,01","35,10","34,62","2,42M","-0,67%"
"16.10.2024","35,26","34,77","35,26","34,60","2,81M","1,41%"
"17.10.2024","34,85","35,24","35,66","34,80","2,06M","-1,18%"
"18.10.2024","35,00","34,85","35,00","34,47","1,22M","0,44%"
"21.10.2024","34,70","34,85","35,00","34,21","956,86K","-0,86%"
"22.10.2024","34,48","34,70","35,20","34,39","2,33M","-0,63%"
"23.10.2024","34,28","34,38","34,49","33,92","2,60M","-0,57%"
"24.10.2024","34,46","34,50","34,78","34,24","2,07M","0,50%"
"25.10.2024","34,81","34,58","34,81","34,10","1,79M","1,03%"
"28.10.2024","35,00","34,81","35,70","34,81","2,44M","0,55%"
"29.10.2024","35,53","34,99","35,65","34,96","2,28M","1,51%"
"30.10.2024","35,84","35,65","36,53","35,56","3,76M","0,87%"
"31.10.2024","35,12","35,52","35,76","34,87","2,37M","-2,01%"
"04.11.2024","35,23","35,12","35,40","34,88","2,38M","0,31%"
"05.11.2024","34,49","35,23","35,30","34,23","1,51M","-2,10%"
"06.11.2024","34,78","34,62","35,05","34,48","1,75M","0,83%"
"07.11.2024","35,13","34,90","35,30","34,51","1,65M","1,02%"
"08.11.2024","34,65","35,30","35,30","34,46","1,29M","-1,37%"
"12.11.2024","34,21","34,65","34,80","33,91","3,42M","-1,28%"
"13.11.2024","35,12","34,21","35,40","34,16","2,85M","2,66%"
"14.11.2024","31,14","33,99","33,99","29,10","12,77M","-11,33%"
"15.11.2024","29,15","30,80","30,80","29,14","5,79M","-6,38%"
"18.11.2024","28,63","29,08","29,28","28,31","4,00M","-1,78%"
"19.11.2024","28,00","28,90","28,93","27,45","4,25M","-2,20%"
"20.11.2024","28,25","28,40","28,44","27,83","2,51M","0,88%"
"21.11.2024","28,92","28,38","29,15","28,01","2,38M","2,39%"
"22.11.2024","28,82","29,19","29,35","28,60","2,73M","-0,36%"
"25.11.2024","29,29","29,20","29,55","28,92","4,16M","1,65%"
"26.11.2024","28,95","29,30","29,30","28,50","1,96M","-1,16%"
"27.11.2024","28,95","29,10","29,20","28,80","1,21M","0,00%"
"28.11.2024","28,50","28,96","29,15","28,40","1,33M","-1,54%"
"29.11.2024","28,77","28,40","28,95","28,30","1,75M","0,93%"
"02.12.2024","29,20","28,80","29,67","28,56","1,87M","1,49%"
"03.12.2024","28,99","29,50","29,65","28,80","2,21M","-0,72%"
"04.12.2024","30,26","29,10","30,36","28,98","2,32M","4,40%"
"05.12.2024","30,37","30,41","30,50","29,95","2,23M","0,35%"
"06.12.2024","30,35","30,37","30,93","30,25","2,08M","-0,07%"
"09.12.2024","29,84","30,44","30,50","29,84","1,52M","-1,66%"
"10.12.2024","30,30","29,84","30,70","29,24","3,36M","1,52%"
"11.12.2024","30,10","30,18","30,27","29,65","1,52M","-0,66%"
"12.12.2024","28,70","29,98","30,09","28,38","3,56M","-4,65%"
"13.12.2024","29,06","28,72","29,24","28,55","2,39M","1,25%"
"16.12.2024","29,13","29,00","29,16","28,42","1,87M","0,22%"
"17.12.2024","28,45","29,13","29,20","27,94","1,88M","-2,30%"
"18.12.2024","28,03","28,32","28,59","27,92","2,04M","-1,49%"
"19.12.2024","27,99","27,80","28,01","27,55","2,52M","-0,14%"
"20.12.2024","27,89","27,88","27,89","27,31","3,30M","-0,36%"
"23.12.2024","27,85","27,95","28,18","27,62","1,57M","-0,14%"
"27.12.2024","27,67","27,80","27,83","27,36","1,01M","-0,63%"
"30.12.2024","27,08","27,66","27,68","27,02","1,43M","-2,15%"
"02.01.2025","28,24","27,50","28,24","27,20","1,69M","4,28%"
"03.01.2025","27,70","28,24","28,25","27,56","1,70M","-1,89%"
"07.01.2025","27,60","28,00","28,03","27,60","1,86M","-0,38%"
"08.01.2025","27,18","27,70","27,71","27,01","2,30M","-1,52%"
"09.01.2025","27,17","27,20","27,30","26,77","1,06M","-0,02%"
"10.01.2025","26,60","27,19","27,38","26,42","1,77M","-2,12%"
"13.01.2025","25,67","26,58","26,58","25,66","2,12M","-3,50%"
"14.01.2025","25,91","25,83","26,20","25,66","1,88M","0,92%"
"15.01.2025","26,65","26,00","26,65","25,63","2,13M","2,86%"
"16.01.2025","26,67","26,70","26,90","26,42","1,92M","0,09%"
"17.01.2025","26,91","26,75","27,12","25,85","2,46M","0,88%"
"20.01.2025","26,74","26,95","27,18","26,69","1,92M","-0,63%"
"21.01.2025","26,75","26,90","26,92","26,57","1,70M","0,06%"
"22.01.2025","26,94","26,86","27,08","26,58","2,06M","0,71%"
"23.01.2025","26,86","26,94","27,49","26,63","631,18K","-0,28%"
"24.01.2025","27,27","26,95","27,42","26,95","900,81K","1,51%"
"27.01.2025","27,16","27,00","27,20","26,64","1,08M","-0,42%"
"28.01.2025","28,59","27,16","28,73","27,15","2,19M","5,30%"
"29.01.2025","28,87","28,81","29,47","28,53","1,60M","0,96%"
"30.01.2025","30,10","28,97","30,35","28,97","2,94M","4,26%"
"31.01.2025","30,00","30,12","30,36","29,58","2,52M","-0,32%"
"03.02.2025","28,64","29,00","29,20","28,43","3,04M","-4,55%"
"04.02.2025","29,50","28,99","29,88","28,99","2,40M","3,00%"
"05.02.2025","29,31","29,53","29,87","29,15","2,40M","-0,66%"
"06.02.2025","29,65","29,33","29,79","29,20","1,42M","1,18%"
"07.02.2025","29,57","29,75","30,25","29,50","2,52M","-0,27%"
"10.02.2025","29,89","29,60","30,05","29,35","1,66M","1,08%"
"11.02.2025","29,83","29,99","30,05","29,63","1,25M","-0,22%"
"12.02.2025","30,13","29,83","30,36","29,83","3,93M","1,02%"
"13.02.2025","30,82","30,30","31,18","30,27","2,51M","2,29%"
"14.02.2025","30,92","30,90","31,26","30,80","3,60M","0,34%"
"17.02.2025","30,92","30,92","31,22","30,64","1,88M","0,00%"
"18.02.2025","30,75","31,00","31,18","30,44","3,17M","-0,57%"
"19.02.2025","30,26","30,75","31,20","29,99","1,99M","-1,59%"
"20.02.2025","29,14","30,26","30,29","29,10","3,48M","-3,72%"
"21.02.2025","29,65","29,19","29,96","29,18","3,28M","1,77%"
"24.02.2025","28,80","29,65","29,96","28,75","3,91M","-2,88%"
"25.02.2025","29,11","28,77","29,35","28,60","2,87M","1,09%"
"26.02.2025","29,35","29,30","29,69","29,21","2,52M","0,82%"
"27.02.2025","28,14","29,10","29,22","28,14","4,08M","-4,14%"
"28.02.2025","27,99","28,02","28,25","27,70","5,66M","-0,52%"
"03.03.2025","28,09","28,04","28,35","27,81","3,22M","0,36%"
"04.03.2025","27,56","27,88","27,89","27,41","3,89M","-1,89%"
"05.03.2025","28,61","27,86","28,80","27,80","3,68M","3,83%"
"06.03.2025","29,17","28,75","29,30","28,75","2,24M","1,92%"
"07.03.2025","28,90","29,00","29,18","28,58","2,06M","-0,91%"
"10.03.2025","28,42","28,85","28,90","28,25","1,80M","-1,64%"
"11.03.2025","28,63","28,42","28,73","28,21","3,50M","0,72%"
"12.03.2025","28,50","28,90","29,04","28,50","4,51M","-0,45%"
"13.03.2025","32,38","30,50","32,97","29,84","15,87M","13,61%"
"14.03.2025","32,02","32,44","33,39","31,92","8,01M","-1,11%"